user_id,day,date,weight,recommended_meal,actual_meal,calories
1e752c92-6c4e-4c29-8fd5-8952dacb2dba,1,2025-11-27,167.23,Kamut:270.62; Lentils:449.26; Pumpkin:3006.58; Dragonfruit:868.57; Hemp Seeds:259.16; Milk:930.61,Kamut:332.46; Dragonfruit:920.86; Split Peas:593.48; Watercress:1976.88; Mustard Oil:170.17; Evaporated Milk:1083.51,5557.73
1e752c92-6c4e-4c29-8fd5-8952dacb2dba,2,2025-11-28,169.9,Rice:413.00; Crab:316.29; Bok Choy:3540.00; Kiwi:502.95; Cashews:152.57; Mozzarella:82.18,Rice:456.43; Crab:473.13; Bok Choy:4783.04; Mozzarella:111.48; Cantaloupe:698.43; Flaxseed Oil:157.29,3614.14
1e752c92-6c4e-4c29-8fd5-8952dacb2dba,3,2025-11-29,168.03,Oats:130.04; Tofu:380.34; Mustard Greens:1605.89; Plum:628.39; Peanuts:140.20; Cheese:53.93,Tofu:451.90; Mustard Greens:2010.07; Plum:840.92; Cheese:62.89; Rye:184.83; Palm Oil:100.88,3042.3
1e752c92-6c4e-4c29-8fd5-8952dacb2dba,4,2025-11-30,169.61,Grits:886.27; Egg:192.77; Broccoli:814.91; Date:105.96; Peanuts:144.92; Edam:62.77,Egg:288.62; Wheat:1164.99; Radish:960.67; Watermelon:128.19; Chia Seeds:183.98; Labneh:46.21,5511.18
1e752c92-6c4e-4c29-8fd5-8952dacb2dba,5,2025-12-01,162.06,Bulgur:606.05; Rabbit:166.15; Onion:1077.90; Papaya:668.47; Chia Seeds:162.65; Ricotta:123.90,Rabbit:160.84; Chia Seeds:229.92; Ricotta:90.29; Oats:324.59; Eggplant:1509.31; Durian:818.91,4396.53
1e752c92-6c4e-4c29-8fd5-8952dacb2dba,6,2025-12-02,159.47,Brown Rice:524.27; Venison:210.47; Cucumber:3117.56; Raspberry:639.50; Hemp Seeds:165.37; Emmental:65.63,Brown Rice:686.60; Cucumber:4358.77; Emmental:80.96; Lamb:238.24; Watermelon:799.32; Poppy Seeds:260.85,4076.85
1e752c92-6c4e-4c29-8fd5-8952dacb2dba,7,2025-12-03,155.09,Muesli:173.66; Mackerel:169.42; Cauliflower:2083.92; Watermelon:1157.73; Canola Oil:108.05; Emmental:68.55,Watermelon:1267.38; Emmental:111.70; Granola:230.70; Kidney Beans:85.28; Radish:2727.24; Linseed Oil:111.42,3420.88
1e752c92-6c4e-4c29-8fd5-8952dacb2dba,8,2025-12-04,158.23,Cornbread:330.24; Octopus:227.83; Kale:1143.80; Honeydew:1037.89; Sesame Seeds:179.32; Cheese:69.71,Cornbread:496.69; Octopus:242.65; Honeydew:1417.33; Sesame Seeds:219.99; Cheese:74.34; Tomato:730.08,3582.43
1e752c92-6c4e-4c29-8fd5-8952dacb2dba,9,2025-12-05,159.93,Cracked Wheat:181.52; Rabbit:203.85; Sweet Potato:615.10; Lychee:534.33; Walnuts:148.29; Cheddar:65.63,Cracked Wheat:202.02; Lychee:342.16; Walnuts:110.73; Cheddar:73.20; Chicken Breast:282.74; Radicchio:453.37,2502.62
1e752c92-6c4e-4c29-8fd5-8952dacb2dba,10,2025-12-06,158.98,Semolina:165.52; Peas:420.37; Zucchini:3004.41; Apricot:709.38; Walnut Oil:105.92; Kefir:622.87,Semolina:211.04; Chicken Breast:560.30; Eggplant:4917.88; Passion Fruit:633.38; Coconut Oil:84.60; Ricotta:418.30,4985.16
1e752c92-6c4e-4c29-8fd5-8952dacb2dba,11,2025-12-07,159.64,Amaranth:162.88; Soybeans:77.42; Bok Choy:3984.23; Orange:734.68; Soybean Oil:107.42; Ricotta:148.84,Amaranth:169.42; Bok Choy:5633.15; Crab:107.76; Dragonfruit:648.66; Brazil Nuts:96.85; Evaporated Milk:196.16,2757.67
1e752c92-6c4e-4c29-8fd5-8952dacb2dba,12,2025-12-08,159.97,Cornbread:300.22; Pinto Beans:237.54; Zucchini:2997.18; Passion Fruit:350.19; Peanuts:164.75; Cheddar:63.22,Cornbread:384.12; Pinto Beans:281.85; Zucchini:2557.44; Peach:349.32; Hemp Seeds:147.46; Evaporated Milk:78.55,2656.11
1e752c92-6c4e-4c29-8fd5-8952dacb2dba,13,2025-12-09,161.58,Multigrain Bread:235.35; Shrimp:339.62; Carrot:1230.07; Date:119.23; Grape Seed Oil:104.59; Paneer:95.16,Multigrain Bread:222.91; Grape Seed Oil:80.75; Paneer:90.91; Tempeh:477.64; Radicchio:927.43; Pomegranate:172.26,2790.14
1e752c92-6c4e-4c29-8fd5-8952dacb2dba,14,2025-12-10,160.81,Kamut:168.33; Black Beans:245.58; Radicchio:2114.09; Grape:469.80; Olive Oil:100.84; Emmental:63.98,Kamut:234.96; Radicchio:1410.97; Grape:689.80; Olive Oil:86.77; Emmental:96.45; Rabbit:273.68,3199.33
1e752c92-6c4e-4c29-8fd5-8952dacb2dba,15,2025-12-11,158.67,Cornbread:289.74; Lentils:282.60; Beetroot:1143.56; Mango:546.37; Canola Oil:101.98; Gouda:69.06,Cornbread:441.96; Lentils:195.04; Gouda:101.41; Artichoke:1076.35; Cantaloupe:692.73; Vegetable Oil:68.99,2813.64
1e752c92-6c4e-4c29-8fd5-8952dacb2dba,16,2025-12-12,155.9,Barley:168.44; Chickpeas:207.76; Celery:3194.25; Passion Fruit:351.26; Sesame Seeds:163.52; Condensed Milk:79.61,Sesame Seeds:229.56; Condensed Milk:80.21; Granola:208.90; Tofu:228.51; Radicchio:2618.66; Cantaloupe:439.45,3482.13
1e752c92-6c4e-4c29-8fd5-8952dacb2dba,17,2025-12-13,157.05,Corn:728.65; Split Peas:303.46; Broccoli:976.58; Pomegranate:431.42; Palm Oil:111.39; Cottage Cheese:274.04,Corn:761.68; Split Peas:394.84; Pomegranate:563.73; Palm Oil:73.58; Watercress:796.53; Brie:358.59,3524.61
1e752c92-6c4e-4c29-8fd5-8952dacb2dba,18,2025-12-14,159.99,Hominy:513.18; Chicken Breast:211.49; Celery:3271.50; Passion Fruit:359.75; Vegetable Oil:108.56; Quark:390.63,Chicken Breast:324.68; Celery:4724.15; Quark:345.10; Brown Rice:701.88; Apple:377.48; Hemp Seeds:98.62,3043.55
1e752c92-6c4e-4c29-8fd5-8952dacb2dba,19,2025-12-15,158.76,Freekeh:176.31; Peas:404.25; Eggplant:1964.64; Plum:711.83; Mustard Oil:101.86; Emmental:64.63,Plum:830.60; Emmental:97.55; Spelt:235.27; Chickpeas:264.27; Radish:2387.33; Olive Oil:90.86,3166.59
1e752c92-6c4e-4c29-8fd5-8952dacb2dba,20,2025-12-16,160.62,Multigrain Bread:234.18; Chicken Breast:202.75; Radish:3136.31; Starfruit:1079.16; Pistachios:163.70; Gouda:70.48,Multigrain Bread:203.36; Chicken Breast:276.26; Radish:3460.51; Starfruit:1488.63; Gouda:103.85; Sunflower Seeds:178.42,3391.1
1e752c92-6c4e-4c29-8fd5-8952dacb2dba,21,2025-12-17,161.88,Cornbread:282.86; Mackerel:156.12; Okra:1454.73; Kiwi:524.66; Palm Oil:99.56; Evaporated Milk:177.80,Cornbread:400.81; Rabbit:148.42; Collard Greens:1768.11; Banana:689.77; Blended Oil:96.64; Cream:172.01,3669.22
1e752c92-6c4e-4c29-8fd5-8952dacb2dba,22,2025-12-18,159.02,Wild Rice:536.50; Goat:253.80; Pumpkin:1786.38; Lychee:469.15; Sunflower Seeds:145.81; Blue Cheese:65.79,Sunflower Seeds:147.73; Blue Cheese:68.77; Grits:304.45; Cod:233.98; Green Beans:2706.74; Honeydew:631.90,2543.56
1e752c92-6c4e-4c29-8fd5-8952dacb2dba,23,2025-12-19,160.8,Whole Wheat Bread:232.60; Pinto Beans:229.58; Bell Pepper:1588.55; Mango:547.17; Macadamia Oil:102.13; Skim Milk:703.50,Pinto Beans:342.56; Bell Pepper:1811.48; Mango:666.66; Macadamia Oil:159.54; Polenta:243.88; Swiss Cheese:766.06,6043.06
1e752c92-6c4e-4c29-8fd5-8952dacb2dba,24,2025-12-20,160.83,Multigrain Bread:219.80; Chickpeas:191.46; Green Beans:1519.35; Honeydew:872.22; Hemp Seeds:156.15; Emmental:61.97,Green Beans:2353.75; Honeydew:1229.81; Emmental:82.29; Polenta:235.90; Tofu:227.95; Macadamia Oil:223.74,3801.34
1e752c92-6c4e-4c29-8fd5-8952dacb2dba,25,2025-12-21,165.61,Grits:925.84; Rabbit:180.43; Collard Greens:1463.16; Jackfruit:328.57; Olive Oil:97.10; Condensed Milk:72.93,Collard Greens:1431.78; Condensed Milk:88.73; Farro:1210.03; Pinto Beans:242.84; Cantaloupe:423.30; Poppy Seeds:125.77,6008.57
1e752c92-6c4e-4c29-8fd5-8952dacb2dba,26,2025-12-22,167.85,Hominy:405.41; Mackerel:134.48; Swiss Chard:2176.42; Grape:399.54; Hazelnuts:120.72; Edam:57.92,Grape:501.41; Hazelnuts:180.58; Polenta:444.84; Crab:181.52; Eggplant:2670.94; Condensed Milk:70.46,2861.41
1e752c92-6c4e-4c29-8fd5-8952dacb2dba,27,2025-12-23,167.71,Amaranth:121.35; Split Peas:218.02; Cucumber:2411.81; Grape:372.84; Poppy Seeds:134.76; Condensed Milk:60.11,Split Peas:277.13; Cucumber:3169.28; Grape:546.11; Poppy Seeds:193.21; Condensed Milk:77.21; Grits:92.96,2527.95
1e752c92-6c4e-4c29-8fd5-8952dacb2dba,28,2025-12-24,169.54,Freekeh:137.93; Pinto Beans:179.13; Onion:960.60; Papaya:595.72; Sunflower Oil:79.69; Cottage Cheese:196.04,Pinto Beans:270.36; Papaya:433.94; Farro:178.29; Peas:1221.97; Poppy Seeds:107.87; Gouda:280.96,3735.76
1e752c92-6c4e-4c29-8fd5-8952dacb2dba,29,2025-12-25,171.17,Wheat:124.06; Octopus:146.54; Green Beans:1162.84; Lychee:364.12; Sesame Seeds:115.34; Mozzarella:64.37,Wheat:175.38; Octopus:164.45; Green Beans:1603.85; Lychee:204.84; Sesame Seeds:174.62; Mozzarella:96.81,2768.26
1e752c92-6c4e-4c29-8fd5-8952dacb2dba,30,2025-12-26,171.83,Triticale:125.00; Green Lentils:206.90; Celery:2250.00; Passion Fruit:247.42; Pistachios:117.44; Brie:53.89,Green Lentils:147.52; Celery:3274.92; Brie:67.44; Teff:179.60; Strawberry:182.76; Vegetable Oil:77.11,2283.7
32d58bba-e74b-4280-a8e6-00867b6b2bc9,1,2025-11-27,154.21,Brown Rice:730.74; Pinto Beans:324.13; Leek:1139.75; Lychee:702.27; Coconut Oil:147.87; Skim Milk:993.21,Brown Rice:729.24; Pinto Beans:326.33; Leek:1520.04; Lychee:930.21; Olive Oil:210.15; Goat Milk:933.86,5319.35
32d58bba-e74b-4280-a8e6-00867b6b2bc9,2,2025-11-28,148.03,Sprouted Grain:656.25; Turkey:222.22; Bell Pepper:1451.61; Grape:434.78; Rice Bran Oil:93.33; Camembert:75.25,Turkey:217.02; Bell Pepper:1828.55; Camembert:85.94; Corn:805.23; Banana:545.25; Brazil Nuts:95.10,2921.28
32d58bba-e74b-4280-a8e6-00867b6b2bc9,3,2025-11-29,148.85,Quinoa:437.50; Split Peas:254.24; Mustard Greens:1666.67; Watermelon:1000.00; Sesame Oil:93.33; Cottage Cheese:229.59,Mustard Greens:1974.67; Watermelon:1142.12; Cornbread:628.91; Pork:304.99; Almonds:134.38; Cheese:211.13,4481.85
32d58bba-e74b-4280-a8e6-00867b6b2bc9,4,2025-11-30,149.56,Semolina:145.83; Haddock:333.33; Green Beans:1451.61; Mango:500.00; Palm Oil:93.33; Powdered Milk:45.36,Haddock:396.21; Rice:203.63; Mustard Greens:1820.61; Guava:323.46; Avocado Oil:92.00; Camembert:52.67,2303.58
32d58bba-e74b-4280-a8e6-00867b6b2bc9,5,2025-12-01,152.52,Semolina:145.83; Duck:89.02; Tomato:2500.00; Starfruit:967.74; Grape Seed Oil:93.33; Kefir:548.78,Starfruit:1071.09; Grape Seed Oil:129.98; Kefir:503.82; Grits:144.17; Lentils:37.77; Bell Pepper:2890.22,2712.47
32d58bba-e74b-4280-a8e6-00867b6b2bc9,6,2025-12-02,155.1,Millet:138.89; Octopus:182.93; Radicchio:1956.52; Cherry:600.00; Hemp Seeds:149.19; Ice Cream:108.70,Millet:184.77; Octopus:198.82; Radicchio:1883.50; Hemp Seeds:98.01; Ice Cream:147.38; Peach:373.30,2450.34
32d58bba-e74b-4280-a8e6-00867b6b2bc9,7,2025-12-03,150.68,Polenta:750.00; Egg:193.55; Cauliflower:1800.00; Avocado:187.50; Olive Oil:93.33; Cheddar:55.83,Cauliflower:2421.54; Brown Rice:648.83; Peas:176.48; Pear:256.84; Mustard Oil:117.05; Swiss Cheese:54.27,2862.99
32d58bba-e74b-4280-a8e6-00867b6b2bc9,8,2025-12-04,153.23,Cornbread:265.15; Crab:309.28; Mustard Greens:1666.67; Grape:434.78; Coconut Oil:95.71; Kefir:548.78,Cornbread:358.40; Crab:398.89; Coconut Oil:93.39; Carrot:2165.94; Mango:606.01; Camembert:605.09,4962.45
32d58bba-e74b-4280-a8e6-00867b6b2bc9,9,2025-12-05,151.79,Wild Rice:519.80; Crab:309.28; Zucchini:2647.06; Blackberry:697.67; Safflower Oil:93.33; Mozzarella:80.36,Zucchini:3503.57; Safflower Oil:101.17; Mozzarella:85.98; Brown Rice:499.14; Green Lentils:449.98; Plum:872.14,3207.93
32d58bba-e74b-4280-a8e6-00867b6b2bc9,10,2025-12-06,153.68,Kamut:155.79; Crab:309.28; Beetroot:1046.51; Cranberry:652.17; Sunflower Oil:93.33; Whey:833.33,Crab:398.68; Cranberry:931.30; Sunflower Oil:147.31; Farro:205.66; Cauliflower:1326.32; Cheddar:1120.17,7662.43
32d58bba-e74b-4280-a8e6-00867b6b2bc9,11,2025-12-07,158.84,Cracked Wheat:154.41; Kidney Beans:236.22; Artichoke:957.45; Guava:441.18; Mustard Oil:93.33; Condensed Milk:70.09,Mustard Oil:118.22; Millet:223.73; Lamb:289.96; Green Beans:1208.98; Cranberry:605.46; Gouda:88.11,3710.18
32d58bba-e74b-4280-a8e6-00867b6b2bc9,12,2025-12-08,155.58,Triticale:156.25; Turkey:222.22; Asparagus:2250.00; Mango:500.00; Canola Oil:93.33; Gouda:63.20,Triticale:126.03; Mango:747.77; Canola Oil:132.64; Gouda:87.06; White Beans:177.83; Okra:2638.60,3472.54
32d58bba-e74b-4280-a8e6-00867b6b2bc9,13,2025-12-09,153.14,Couscous:468.75; Black Beans:227.27; Collard Greens:1406.25; Lychee:454.55; Peanuts:145.50; Cheese:55.97,Couscous:662.32; Collard Greens:1764.27; Lychee:596.53; Sardines:130.11; Corn Oil:115.51; Cheddar:77.91,3305.81
32d58bba-e74b-4280-a8e6-00867b6b2bc9,14,2025-12-10,152.58,Freekeh:161.54; Goat:245.90; Carrot:1097.56; Watermelon:1000.00; Sesame Seeds:143.98; Ricotta:129.31,Watermelon:1172.98; Ricotta:90.26; Oats:191.21; Chickpeas:350.72; Bell Pepper:1251.66; Sunflower Oil:211.97,4089.73
32d58bba-e74b-4280-a8e6-00867b6b2bc9,15,2025-12-11,151.15,Sprouted Grain:656.25; Black Beans:227.27; Lettuce:3000.00; Guava:441.18; Chia Seeds:169.75; Condensed Milk:70.09,Sprouted Grain:515.18; Black Beans:342.20; Kale:4090.95; Dragonfruit:367.93; Poppy Seeds:101.70; Skim Milk:55.50,3642.52
32d58bba-e74b-4280-a8e6-00867b6b2bc9,16,2025-12-12,153.93,Couscous:468.75; Split Peas:254.24; Artichoke:957.45; Tangerine:566.04; Pistachios:146.80; Parmesan:52.20,Couscous:765.44; Tangerine:721.06; Pistachios:165.45; Venison:343.76; Celery:922.46; Cream:57.44,3055.31
32d58bba-e74b-4280-a8e6-00867b6b2bc9,17,2025-12-13,157.36,Granola:111.46; Duck:89.02; Pumpkin:1730.77; Apple:576.92; Cottonseed Oil:93.33; Yogurt:381.36,Granola:154.04; Pumpkin:1471.59; Cottonseed Oil:106.18; Yogurt:409.36; Chickpeas:130.49; Plum:740.13,2842.8
32d58bba-e74b-4280-a8e6-00867b6b2bc9,18,2025-12-14,157.6,Wheat:154.87; Cod:365.85; Broccoli:818.18; Starfruit:967.74; Mustard Oil:93.33; Brie:67.37,Broccoli:613.57; Mustard Oil:122.67; Brie:82.39; Buckwheat:118.00; Pinto Beans:384.76; Raspberry:692.32,3011.99
32d58bba-e74b-4280-a8e6-00867b6b2bc9,19,2025-12-15,160.05,Whole Wheat Bread:212.55; Split Peas:254.24; Bok Choy:3461.54; Banana:337.08; Grape Seed Oil:93.33; Powdered Milk:45.36,Kamut:284.57; Lamb:387.87; Cauliflower:4445.89; Watermelon:366.06; Cashews:76.82; Labneh:32.33,3765.14
32d58bba-e74b-4280-a8e6-00867b6b2bc9,20,2025-12-16,163.41,Multigrain Bread:210.00; Kidney Beans:236.22; Brussels Sprouts:1046.51; Grape:434.78; Brazil Nuts:125.19; Mozzarella:80.36,Multigrain Bread:319.22; Kidney Beans:298.37; Grape:563.21; Brazil Nuts:127.00; Pumpkin:1042.01; Brie:113.27,3051.81
32d58bba-e74b-4280-a8e6-00867b6b2bc9,21,2025-12-17,159.54,Triticale:156.25; Turkey:222.22; Zucchini:2647.06; Lychee:454.55; Avocado Oil:93.33; Gouda:63.20,Turkey:251.03; Zucchini:3693.01; Lychee:681.16; Gouda:88.60; Granola:207.33; Sesame Seeds:126.20,3431.37
32d58bba-e74b-4280-a8e6-00867b6b2bc9,22,2025-12-18,157.39,White Rice:403.85; Lamb:102.04; Broccoli:818.18; Honeydew:833.33; Peanut Oil:93.33; Gouda:63.20,Lamb:141.67; Honeydew:984.33; Gouda:78.97; Rice:505.36; Sweet Potato:525.63; Sunflower Oil:148.41,3472.92
32d58bba-e74b-4280-a8e6-00867b6b2bc9,23,2025-12-19,154.82,Buckwheat:153.06; Rabbit:173.41; Cucumber:2812.50; Banana:337.08; Flaxseed Oil:93.33; Parmesan:52.20,Banana:441.05; Flaxseed Oil:153.87; Kamut:219.41; Shrimp:111.55; Tomato:2830.83; Whey:27.44,3119.54
32d58bba-e74b-4280-a8e6-00867b6b2bc9,24,2025-12-20,154.75,Farro:154.41; Kidney Beans:236.22; Peas:555.56; Apricot:625.00; Vegetable Oil:93.33; Powdered Milk:45.36,Farro:196.18; Kidney Beans:269.38; Apricot:953.02; Powdered Milk:37.00; Chickpeas:790.81; Blended Oil:119.64,4004.68
32d58bba-e74b-4280-a8e6-00867b6b2bc9,25,2025-12-21,157.53,Wild Rice:519.80; Tofu:394.74; Radish:2812.50; Peach:769.23; Chia Seeds:169.75; Kefir:548.78,Tofu:520.61; Radish:4031.54; Hominy:819.19; Avocado:813.43; Safflower Oil:213.19; Brie:651.37,7377.16
32d58bba-e74b-4280-a8e6-00867b6b2bc9,26,2025-12-22,159.0,Barley:148.31; Venison:189.87; Zucchini:2647.06; Passion Fruit:309.28; Sesame Oil:93.33; Ice Cream:108.70,Barley:146.03; Zucchini:3367.50; Passion Fruit:428.31; Sesame Oil:77.30; Ice Cream:174.99; Kidney Beans:243.82,2860.14
32d58bba-e74b-4280-a8e6-00867b6b2bc9,27,2025-12-23,156.66,Kamut:155.79; Venison:189.87; Eggplant:1800.00; Orange:638.30; Grape Seed Oil:93.33; Milk:535.71,Kamut:245.08; Venison:272.16; Eggplant:2724.68; Grape Seed Oil:142.34; Tangerine:878.92; Feta:645.02,5364.05
32d58bba-e74b-4280-a8e6-00867b6b2bc9,28,2025-12-24,155.63,Corn:610.47; Crab:309.28; Carrot:1097.56; Pineapple:600.00; Peanut Oil:93.33; Labneh:368.85,Corn:782.57; Crab:407.34; Carrot:1504.51; Peanut Oil:102.74; Blueberry:735.89; Mozzarella:400.96,4135.4
32d58bba-e74b-4280-a8e6-00867b6b2bc9,29,2025-12-25,154.48,Wheat:154.87; Split Peas:254.24; Brussels Sprouts:1046.51; Honeydew:833.33; Rice Bran Oil:93.33; Feta:85.23,Wheat:198.49; Split Peas:309.41; Brussels Sprouts:696.41; Cantaloupe:1188.91; Corn Oil:65.42; Edam:116.99,2737.66
32d58bba-e74b-4280-a8e6-00867b6b2bc9,30,2025-12-26,159.46,Amaranth:141.51; Soybeans:67.26; Turnip:1607.14; Starfruit:967.74; Sunflower Oil:93.33; Cheddar:55.83,Amaranth:137.56; Soybeans:86.05; Starfruit:1208.16; Sunflower Oil:137.57; Cheddar:79.56; Lettuce:1980.69,3102.47
6e7d0108-9a69-4c7f-a7b2-9248bda75ce7,1,2025-11-27,81.11,Polenta:877.35; Crab:361.79; Celery:3290.06; Date:124.45; Avocado Oil:109.17; Gouda:73.93,Celery:3976.32; Date:98.71; Gouda:118.85; White Rice:817.86; Duck:405.01; Rice Bran Oil:142.95,5029.48
6e7d0108-9a69-4c7f-a7b2-9248bda75ce7,2,2025-11-28,80.58,Oats:192.70; Cod:522.37; Green Beans:2072.61; Papaya:996.14; Hazelnuts:187.57; Goat Milk:465.59,Oats:297.33; Cod:752.09; Green Beans:1316.86; Hazelnuts:183.62; Durian:1230.09; Swiss Cheese:433.73,6847.49
6e7d0108-9a69-4c7f-a7b2-9248bda75ce7,3,2025-11-29,80.16,Whole Wheat Bread:304.90; Venison:272.37; Celery:4034.44; Papaya:1000.79; Olive Oil:133.87; Goat Milk:467.76,Celery:4247.92; Papaya:752.17; Spelt:271.95; Cod:383.24; Almonds:148.24; Whey:586.22,3248.7
6e7d0108-9a69-4c7f-a7b2-9248bda75ce7,4,2025-11-30,78.8,Whole Wheat Bread:306.10; Peas:533.38; Sweet Potato:753.56; Passion Fruit:445.40; Sunflower Oil:134.40; Powdered Milk:65.33,Whole Wheat Bread:250.24; Peas:775.19; Sweet Potato:1124.61; Guava:615.37; Hemp Seeds:123.71; Swiss Cheese:72.71,3601.48
6e7d0108-9a69-4c7f-a7b2-9248bda75ce7,5,2025-12-01,81.15,Barley:215.85; White Beans:314.13; Tomato:3638.67; Date:154.84; Corn Oil:135.83; Goat Milk:474.61,White Beans:411.77; Corn Oil:162.08; Semolina:176.13; Leek:4885.84; Guava:201.00; Cheddar:550.97,7976.67
6e7d0108-9a69-4c7f-a7b2-9248bda75ce7,6,2025-12-02,78.9,Kamut:223.22; Split Peas:364.29; Artichoke:1371.89; Guava:632.15; Grape Seed Oil:133.72; Cheddar:80.00,Kamut:145.19; Guava:783.31; Cheddar:86.10; Pinto Beans:367.76; Spinach:2222.51; Soybean Oil:124.42,3505.87
6e7d0108-9a69-4c7f-a7b2-9248bda75ce7,7,2025-12-03,79.92,Muesli:218.62; Crab:450.76; Cauliflower:2623.44; Grape:633.68; Mustard Oil:136.02; Powdered Milk:66.11,Muesli:179.11; Cauliflower:3383.74; Grape:827.82; Shrimp:638.45; Corn Oil:165.86; Mozzarella:89.02,4391.56
6e7d0108-9a69-4c7f-a7b2-9248bda75ce7,8,2025-12-04,80.49,Hominy:639.00; Green Lentils:374.59; Okra:1975.09; Cranberry:944.61; Sesame Oil:135.17; Parmesan:75.61,Hominy:422.56; Peas:506.39; Cucumber:2264.71; Pineapple:1169.40; Walnuts:160.17; Cheddar:70.37,3191.14
6e7d0108-9a69-4c7f-a7b2-9248bda75ce7,9,2025-12-05,81.47,Spelt:224.28; Soybeans:97.13; Cauliflower:2599.08; Durian:294.68; Peanut Oil:134.76; Emmental:85.50,Spelt:210.70; Cauliflower:3574.29; Durian:347.69; Kidney Beans:142.39; Pistachios:142.93; Butter:82.77,3694.47
6e7d0108-9a69-4c7f-a7b2-9248bda75ce7,10,2025-12-06,82.75,Millet:199.32; Tofu:566.50; Brussels Sprouts:1501.88; Peach:1103.95; Pumpkin Seed Oil:133.93; Camembert:107.99,Millet:258.86; Tofu:420.08; Pumpkin Seed Oil:147.83; Camembert:79.16; Radish:2057.49; Kiwi:966.96,3760.33
6e7d0108-9a69-4c7f-a7b2-9248bda75ce7,11,2025-12-07,83.05,Muesli:213.44; Chicken Breast:258.72; Eggplant:2561.28; Passion Fruit:440.08; Brazil Nuts:178.14; Emmental:84.25,Emmental:105.63; Polenta:196.08; Shrimp:374.16; Leek:3207.66; Banana:363.68; Pumpkin Seed Oil:220.07,5134.85
6e7d0108-9a69-4c7f-a7b2-9248bda75ce7,12,2025-12-08,84.78,Polenta:1065.80; Turkey:315.79; Brussels Sprouts:1487.16; Durian:290.01; Pumpkin Seed Oil:132.62; Sheep Milk:296.06,Polenta:1267.39; Durian:298.50; Pumpkin Seed Oil:171.58; Pork:202.66; Parsnip:977.90; Powdered Milk:288.53,5497.71
6e7d0108-9a69-4c7f-a7b2-9248bda75ce7,13,2025-12-09,84.52,Kamut:218.69; Haddock:467.93; Sweet Potato:734.55; Kiwi:690.39; Almonds:201.07; Sheep Milk:292.46,Sweet Potato:1056.56; Kiwi:588.17; Almonds:207.37; Sheep Milk:254.37; Farro:276.62; Edamame:630.84,4440.38
6e7d0108-9a69-4c7f-a7b2-9248bda75ce7,14,2025-12-10,86.57,Oats:189.99; Tilapia:439.92; Mustard Greens:2346.22; Cantaloupe:1242.12; Canola Oil:131.38; Skim Milk:904.97,Oats:250.89; Mustard Greens:2607.66; Canola Oil:156.46; Skim Milk:932.77; Haddock:235.42; Jackfruit:1212.61,4753.47
6e7d0108-9a69-4c7f-a7b2-9248bda75ce7,15,2025-12-11,87.66,Polenta:1040.05; Lentils:358.64; Beetroot:1451.23; Grape:602.93; Peanuts:201.77; Quark:465.69,Polenta:1225.27; Beetroot:2218.54; Grape:788.41; Goat:540.66; Vegetable Oil:322.35; Cottage Cheese:489.65,6344.7
6e7d0108-9a69-4c7f-a7b2-9248bda75ce7,16,2025-12-12,87.93,Millet:191.09; Cod:503.37; Leek:1014.98; Guava:607.00; Chia Seeds:233.56; Yogurt:524.69,Millet:253.45; Cod:703.06; Leek:1405.70; Guava:781.86; Chia Seeds:277.98; Paneer:674.12,6061.09
6e7d0108-9a69-4c7f-a7b2-9248bda75ce7,17,2025-12-13,86.86,Cornbread:364.30; Egg:265.92; Cucumber:3864.19; Papaya:958.56; Safflower Oil:128.22; Milk:736.04,Egg:215.21; Cucumber:5610.91; White Rice:337.04; Blueberry:763.86; Coconut Oil:160.25; Swiss Cheese:762.16,6481.51
6e7d0108-9a69-4c7f-a7b2-9248bda75ce7,18,2025-12-14,88.34,Multigrain Bread:291.24; Lentils:358.67; Parsnip:832.12; Passion Fruit:428.93; Linseed Oil:129.43; Paneer:117.75,Paneer:175.26; Rice:388.71; Pinto Beans:344.23; Endive:1049.82; Pear:464.30; Sunflower Seeds:128.13,2653.4
6e7d0108-9a69-4c7f-a7b2-9248bda75ce7,19,2025-12-15,91.7,Barley:203.40; Haddock:457.16; Okra:1870.18; Pomegranate:495.71; Flaxseed Oil:127.99; Brie:92.39,Brie:132.27; Pearled Barley:293.67; Edamame:683.13; Cucumber:2275.55; Guava:719.32; Sunflower Seeds:132.05,3926.48
6e7d0108-9a69-4c7f-a7b2-9248bda75ce7,20,2025-12-16,92.82,Buckwheat:204.30; Black Beans:303.35; Mustard Greens:2224.56; Guava:588.85; Macadamia Oil:124.57; Emmental:79.03,Buckwheat:152.60; Mustard Greens:2495.04; Guava:872.90; Macadamia Oil:189.37; Chickpeas:443.16; Blue Cheese:81.41,4478.88
6e7d0108-9a69-4c7f-a7b2-9248bda75ce7,21,2025-12-17,94.54,Buckwheat:202.48; Egg:256.04; Radish:3720.56; Jackfruit:417.75; Pistachios:194.19; Quark:444.25,Radish:4226.33; Jackfruit:307.61; Quark:403.81; Teff:265.31; Duck:299.88; Soybean Oil:214.79,5068.95
6e7d0108-9a69-4c7f-a7b2-9248bda75ce7,22,2025-12-18,94.41,Whole Wheat Bread:277.17; Black Beans:296.36; Asparagus:2934.00; Strawberry:1222.50; Linseed Oil:121.70; Mozzarella:104.79,Whole Wheat Bread:204.30; Asparagus:3950.37; Strawberry:1043.80; Mozzarella:151.47; Tilapia:207.94; Sunflower Seeds:129.15,3006.67
6e7d0108-9a69-4c7f-a7b2-9248bda75ce7,23,2025-12-19,92.84,Quinoa:571.40; Cod:477.83; Celery:3673.31; Jackfruit:412.44; Vegetable Oil:121.89; Skim Milk:839.61,Cod:758.82; Skim Milk:951.47; Cracked Wheat:659.76; Spinach:5065.93; Cranberry:472.34; Pumpkin Seed Oil:168.31,6068.75
6e7d0108-9a69-4c7f-a7b2-9248bda75ce7,24,2025-12-20,92.97,Corn:808.70; Pork:164.22; Sweet Potato:693.17; Guava:584.44; Corn Oil:123.63; Ricotta:171.30,Sweet Potato:966.07; Guava:882.23; Corn Oil:137.21; Hominy:379.48; Crab:156.37; Whey:220.43,3306.42
6e7d0108-9a69-4c7f-a7b2-9248bda75ce7,25,2025-12-21,95.99,Quinoa:579.22; Cod:484.37; Bok Choy:4582.85; Dragonfruit:661.97; Corn Oil:123.56; Emmental:78.39,Quinoa:651.73; Cod:704.72; Dragonfruit:730.23; Emmental:82.30; Cauliflower:6158.28; Canola Oil:134.75,4841.62
6e7d0108-9a69-4c7f-a7b2-9248bda75ce7,26,2025-12-22,96.29,Freekeh:208.28; Egg:249.55; Kale:1184.08; Raspberry:743.85; Palm Oil:120.33; Kefir:707.56,Kale:1422.45; Grits:175.35; Rabbit:344.36; Blackberry:799.39; Peanuts:136.62; Feta:725.60,4430.17
6e7d0108-9a69-4c7f-a7b2-9248bda75ce7,27,2025-12-23,94.16,Muesli:192.96; Edamame:318.94; Eggplant:2315.52; Raspberry:742.15; Brazil Nuts:161.04; Cheese:72.00,Edamame:479.83; Teff:280.11; Cauliflower:2803.06; Honeydew:648.75; Walnut Oil:141.70; Cottage Cheese:77.15,3815.15
6e7d0108-9a69-4c7f-a7b2-9248bda75ce7,28,2025-12-24,93.76,Multigrain Bread:275.52; Salmon:191.07; Okra:1789.09; Avocado:246.00; Corn Oil:122.44; Paneer:111.40,Salmon:183.21; Okra:1536.22; Corn Oil:122.85; Paneer:137.26; Oats:405.71; Blackberry:262.58,4025.27
6e7d0108-9a69-4c7f-a7b2-9248bda75ce7,29,2025-12-25,94.04,Rye:204.62; Egg:254.97; Beetroot:1378.60; Starfruit:1274.84; Blended Oil:122.94; Parmesan:68.77,Rye:285.18; Beetroot:1967.15; Starfruit:1201.39; Shrimp:325.36; Sunflower Oil:152.12; Camembert:63.03,4037.46
6e7d0108-9a69-4c7f-a7b2-9248bda75ce7,30,2025-12-26,94.72,Grits:1169.83; Haddock:438.22; Watercress:5378.18; Grape:571.59; Cottonseed Oil:122.69; Edam:82.86,Grits:951.59; Watercress:5643.23; Grape:857.48; Cottonseed Oil:134.16; Edamame:668.33; Labneh:87.50,3821.9
cac260e6-f599-4212-8266-db3e93228f56,1,2025-11-27,196.98,Hominy:926.71; Cod:768.49; Celery:5907.75; Strawberry:1969.25; Canola Oil:196.03; Sheep Milk:437.61,Strawberry:934.18; Canola Oil:221.21; Sheep Milk:269.18; Triticale:1154.57; Chickpeas:807.06; Swiss Chard:5230.48,8741.84
cac260e6-f599-4212-8266-db3e93228f56,2,2025-11-28,197.95,Rye:155.33; Kidney Beans:236.22; Artichoke:957.45; Durian:204.08; Palm Oil:93.33; Whey:833.33,Rye:129.47; Artichoke:1262.19; Durian:177.03; Palm Oil:117.14; Pinto Beans:302.84; Blue Cheese:1029.99,6395.55
cac260e6-f599-4212-8266-db3e93228f56,3,2025-11-29,202.0,Cornbread:265.15; Haddock:333.33; Asparagus:2250.00; Pear:526.32; Chia Seeds:169.75; Feta:85.23,Asparagus:3284.81; Feta:98.51; Barley:272.27; Beef:378.74; Lychee:440.87; Peanuts:213.10,4326.95
cac260e6-f599-4212-8266-db3e93228f56,4,2025-11-30,202.75,Polenta:750.00; Split Peas:254.24; Endive:2647.06; Tangerine:566.04; Corn Oil:93.33; Ricotta:129.31,Endive:3378.47; Corn Oil:142.16; Grits:1037.22; White Beans:329.55; Banana:816.52; Milk:149.43,3690.55
cac260e6-f599-4212-8266-db3e93228f56,5,2025-12-01,201.08,Brown Rice:472.97; Turkey:222.22; Lettuce:3000.00; Raspberry:576.92; Safflower Oil:93.33; Camembert:75.25,Lettuce:4318.67; Raspberry:717.61; Safflower Oil:95.72; Sprouted Grain:383.65; Salmon:279.36; Quark:108.47,2822.21
cac260e6-f599-4212-8266-db3e93228f56,6,2025-12-02,205.27,Brown Rice:472.97; Chickpeas:182.93; Tomato:2500.00; Lychee:454.55; Brazil Nuts:125.19; Parmesan:52.20,Brown Rice:637.99; Chickpeas:262.71; Tomato:2967.40; Lychee:388.49; Brazil Nuts:159.09; Feta:54.42,3121.65
cac260e6-f599-4212-8266-db3e93228f56,7,2025-12-03,208.85,Sprouted Grain:656.25; Soybeans:67.26; Kale:918.37; Apricot:625.00; Walnut Oil:93.33; Sheep Milk:208.33,Sprouted Grain:570.06; Apricot:888.63; Walnut Oil:105.55; Sardines:70.52; Beetroot:1306.59; Camembert:237.24,3233.47
cac260e6-f599-4212-8266-db3e93228f56,8,2025-12-04,209.04,White Rice:403.85; Tofu:394.74; Bok Choy:3461.54; Mango:500.00; Almonds:143.23; Brie:67.37,White Rice:599.10; Bok Choy:3390.84; Mango:627.41; Beef:517.18; Rice Bran Oil:207.92; Butter:72.33,5245.64
cac260e6-f599-4212-8266-db3e93228f56,9,2025-12-05,205.94,Oats:134.96; Cod:365.85; Tomato:2500.00; Date:106.38; Rice Bran Oil:93.33; Gouda:63.20,Cod:499.29; Rice Bran Oil:110.45; Semolina:190.12; Celery:3308.29; Durian:83.89; Powdered Milk:70.70,3073.54
cac260e6-f599-4212-8266-db3e93228f56,10,2025-12-06,211.97,Cracked Wheat:154.41; White Beans:215.83; Watercress:4090.91; Pear:526.32; Pumpkin Seed Oil:93.33; Feta:85.23,Cracked Wheat:165.91; White Beans:257.52; Watercress:3899.16; Pumpkin Seed Oil:130.08; Feta:94.93; Passion Fruit:795.83,3523.46
cac260e6-f599-4212-8266-db3e93228f56,11,2025-12-07,212.95,Teff:151.30; Crab:309.28; Watercress:4090.91; Orange:638.30; Grape Seed Oil:93.33; Sheep Milk:208.33,Crab:480.81; Watercress:4935.60; Grape Seed Oil:121.52; Bulgur:217.74; Persimmon:883.05; Cheddar:141.96,3551.6
cac260e6-f599-4212-8266-db3e93228f56,12,2025-12-08,213.01,Couscous:468.75; Tilapia:312.50; Spinach:1956.52; Pomegranate:361.45; Sunflower Oil:93.33; Mozzarella:80.36,Tilapia:263.56; Pomegranate:437.62; Pearled Barley:598.43; Zucchini:1746.91; Olive Oil:66.63; Butter:87.24,4234.22
cac260e6-f599-4212-8266-db3e93228f56,13,2025-12-09,205.88,Sprouted Grain:656.25; Goat:245.90; Kale:918.37; Apricot:625.00; Pumpkin Seed Oil:93.33; Emmental:59.21,Goat:314.35; Apricot:841.03; Pumpkin Seed Oil:138.84; Emmental:84.15; Grits:923.95; Asparagus:1187.04,3116.82
cac260e6-f599-4212-8266-db3e93228f56,14,2025-12-10,203.43,Polenta:750.00; Lamb:102.04; Lettuce:3000.00; Guava:441.18; Grape Seed Oil:93.33; Labneh:368.85,Polenta:823.39; Lamb:130.36; Lettuce:4663.91; Grape Seed Oil:121.03; Banana:653.09; Milk:407.66,3481.61
cac260e6-f599-4212-8266-db3e93228f56,15,2025-12-11,199.95,Cracked Wheat:154.41; Sardines:144.23; Bell Pepper:1451.61; Guava:441.18; Corn Oil:93.33; Brie:67.37,Corn Oil:122.58; Brie:45.86; Sorghum:185.31; Cod:189.66; Broccoli:937.84; Cranberry:544.73,2768.4
cac260e6-f599-4212-8266-db3e93228f56,16,2025-12-12,194.04,Cracked Wheat:154.41; Black Beans:227.27; Collard Greens:1406.25; Watermelon:1000.00; Almonds:143.23; Parmesan:52.20,Cracked Wheat:140.22; Collard Greens:1599.02; Almonds:118.73; White Beans:278.01; Persimmon:1204.55; Evaporated Milk:72.26,3131.95
cac260e6-f599-4212-8266-db3e93228f56,17,2025-12-13,192.19,Hominy:441.18; Edamame:247.93; Leek:737.70; Raspberry:576.92; Olive Oil:93.33; Evaporated Milk:166.67,Edamame:237.15; Leek:770.15; Raspberry:750.96; Evaporated Milk:231.35; Grits:695.78; Avocado Oil:141.45,3120.52
cac260e6-f599-4212-8266-db3e93228f56,18,2025-12-14,192.47,Cracked Wheat:154.41; Chicken Breast:181.82; Celery:2812.50; Cherry:600.00; Pumpkin Seed Oil:93.33; Ricotta:129.31,Celery:3959.62; Pumpkin Seed Oil:132.18; Sorghum:202.26; Tofu:200.72; Honeydew:801.91; Gouda:50.32,3087.79
cac260e6-f599-4212-8266-db3e93228f56,19,2025-12-15,190.16,Pearled Barley:149.15; Lentils:258.62; Garlic:302.01; Mango:500.00; Poppy Seeds:157.14; Swiss Cheese:57.25,Pearled Barley:181.63; Lentils:217.46; Poppy Seeds:201.63; Swiss Cheese:62.24; Spinach:371.36; Lychee:425.94,2561.28
cac260e6-f599-4212-8266-db3e93228f56,20,2025-12-16,185.19,Corn:610.47; Lentils:258.62; Broccoli:818.18; Banana:337.08; Poppy Seeds:157.14; Evaporated Milk:166.67,Corn:896.38; Banana:483.38; Poppy Seeds:195.56; Octopus:367.64; Tomato:705.77; Cheddar:141.33,3527.28
cac260e6-f599-4212-8266-db3e93228f56,21,2025-12-17,186.44,Whole Wheat Bread:212.55; Chicken Breast:181.82; Bell Pepper:1451.61; Starfruit:967.74; Mustard Oil:93.33; Evaporated Milk:166.67,Whole Wheat Bread:284.90; Starfruit:1204.93; Evaporated Milk:236.39; Lamb:237.84; Artichoke:1854.40; Olive Oil:67.73,3565.89
cac260e6-f599-4212-8266-db3e93228f56,22,2025-12-18,186.84,Barley:148.31; Pinto Beans:209.79; Radicchio:1956.52; Watermelon:1000.00; Walnut Oil:93.33; Whey:833.33,Pinto Beans:322.33; Watermelon:908.42; Walnut Oil:115.55; Whey:1087.55; Granola:147.52; Collard Greens:2143.58,3429.27
cac260e6-f599-4212-8266-db3e93228f56,23,2025-12-19,190.48,Sprouted Grain:656.25; Peas:370.37; Zucchini:2647.06; Apricot:625.00; Vegetable Oil:93.33; Brie:67.37,Peas:208.65; Apricot:1026.56; Vegetable Oil:114.92; Brie:56.52; Whole Wheat Bread:825.70; Artichoke:2968.45,5301.03
cac260e6-f599-4212-8266-db3e93228f56,24,2025-12-20,184.41,Teff:151.30; Kidney Beans:236.22; Broccoli:818.18; Banana:337.08; Blended Oil:93.33; Blue Cheese:63.74,Banana:472.38; Blended Oil:73.49; Blue Cheese:72.64; Whole Wheat Bread:223.88; White Beans:295.56; Radish:750.71,2410.45
cac260e6-f599-4212-8266-db3e93228f56,25,2025-12-21,187.18,Whole Wheat Bread:212.55; Octopus:182.93; Collard Greens:1406.25; Date:106.38; Cashews:149.19; Ice Cream:108.70,Whole Wheat Bread:289.17; Cashews:135.41; Lentils:182.78; Green Beans:1769.44; Durian:94.20; Butter:131.10,3302.08
cac260e6-f599-4212-8266-db3e93228f56,26,2025-12-22,184.5,Sorghum:159.57; Split Peas:254.24; Leek:737.70; Blueberry:526.32; Almonds:143.23; Powdered Milk:45.36,Sorghum:201.98; Split Peas:161.37; Leek:893.89; Pear:379.34; Avocado Oil:222.47; Edam:33.46,3702.52
cac260e6-f599-4212-8266-db3e93228f56,27,2025-12-23,182.05,Rye:155.33; Shrimp:303.03; Brussels Sprouts:1046.51; Strawberry:937.50; Olive Oil:93.33; Blue Cheese:63.74,Rye:154.98; Blue Cheese:80.88; Chickpeas:416.61; Green Beans:1192.79; Cantaloupe:429.50; Pumpkin Seed Oil:137.88,3227.28
cac260e6-f599-4212-8266-db3e93228f56,28,2025-12-24,182.12,Hominy:441.18; Salmon:145.63; Endive:2647.06; Apple:576.92; Poppy Seeds:157.14; Brie:67.37,Endive:3748.01; Poppy Seeds:196.33; Brie:48.22; Whole Wheat Bread:572.34; Pork:78.25; Starfruit:692.60,3646.7
cac260e6-f599-4212-8266-db3e93228f56,29,2025-12-25,183.2,Wheat:154.87; Egg:193.55; Beetroot:1046.51; Starfruit:967.74; Corn Oil:93.33; Evaporated Milk:166.67,Wheat:194.66; Egg:226.23; Beetroot:1392.14; Starfruit:1436.35; Corn Oil:128.19; Evaporated Milk:247.19,3521.38
cac260e6-f599-4212-8266-db3e93228f56,30,2025-12-26,180.19,Spelt:155.33; Tempeh:155.44; Beetroot:1046.51; Apple:576.92; Peanuts:145.50; Sheep Milk:208.33,Spelt:201.72; Beetroot:1410.96; Peanuts:173.61; White Beans:187.20; Banana:1001.47; Milk:247.11,3528.17
dedd0331-06f0-4542-af17-13293241afeb,1,2025-11-27,89.64,Quinoa:513.57; Haddock:391.29; Zucchini:3107.29; Durian:239.56; Linseed Oil:109.55; Labneh:432.98,Linseed Oil:116.84; Wild Rice:527.27; Chickpeas:509.62; Bok Choy:3813.21; Jackfruit:309.97; Swiss Cheese:646.95,5733.83
dedd0331-06f0-4542-af17-13293241afeb,2,2025-11-28,89.64,Bulgur:758.78; Tempeh:186.47; Swiss Chard:2841.16; Starfruit:1160.90; Grape Seed Oil:111.95; Ricotta:155.12,Bulgur:989.36; Swiss Chard:4107.81; Grape Seed Oil:164.98; Ricotta:188.17; Red Lentils:111.31; Fig:1002.93,4258.79
dedd0331-06f0-4542-af17-13293241afeb,3,2025-11-29,90.55,Muesli:179.75; Tilapia:374.48; Bell Pepper:1739.52; Papaya:836.05; Hemp Seeds:178.77; Cottage Cheese:275.13,Muesli:274.82; Tilapia:495.21; Bell Pepper:2136.92; Hemp Seeds:202.22; Grape:970.43; Camembert:142.08,4312.38
dedd0331-06f0-4542-af17-13293241afeb,4,2025-11-30,88.51,Pearled Barley:173.44; Cod:425.44; Swiss Chard:2754.16; Dragonfruit:581.43; Grape Seed Oil:108.53; Blue Cheese:74.12,Swiss Chard:3738.07; Grape Seed Oil:165.69; Semolina:169.32; Goat:463.26; Persimmon:784.79; Powdered Milk:84.82,4406.05
dedd0331-06f0-4542-af17-13293241afeb,5,2025-12-01,87.86,Corn:756.49; Red Lentils:320.48; Beetroot:1296.84; Peach:953.23; Walnuts:156.32; Cheddar:69.19,Beetroot:1433.59; Peach:1469.33; Freekeh:886.78; Pinto Beans:247.25; Mustard Oil:196.39; Kefir:98.49,6201.55
dedd0331-06f0-4542-af17-13293241afeb,6,2025-12-02,90.74,Multigrain Bread:265.36; Tilapia:394.88; Celery:3553.88; Pomegranate:456.72; Cottonseed Oil:117.93; Ice Cream:137.35,Multigrain Bread:315.96; Tilapia:488.62; Celery:4481.23; Ice Cream:182.97; Dragonfruit:449.53; Macadamia Oil:147.60,3929.25
dedd0331-06f0-4542-af17-13293241afeb,7,2025-12-03,92.92,Sorghum:183.63; Pork:142.65; Peas:639.30; Apricot:719.21; Flaxseed Oil:107.39; Powdered Milk:52.20,Flaxseed Oil:141.10; Powdered Milk:64.47; Hominy:193.37; Kidney Beans:202.85; Sardines:518.13; Orange:389.66,3315.72
dedd0331-06f0-4542-af17-13293241afeb,8,2025-12-04,94.24,Cornbread:281.79; Peas:393.60; Leek:783.98; Pomegranate:384.12; Sunflower Seeds:150.13; Camembert:79.97,Cornbread:427.70; Leek:1090.27; White Beans:456.85; Apricot:530.45; Blended Oil:209.33; Swiss Cheese:124.46,4741.12
dedd0331-06f0-4542-af17-13293241afeb,9,2025-12-05,93.98,Corn:614.94; Split Peas:256.10; Cauliflower:1813.20; Apricot:629.58; Rice Bran Oil:94.01; Cheese:56.38,Cauliflower:1145.94; Apricot:827.16; Wheat:840.51; Kidney Beans:338.47; Pumpkin Seed Oil:122.49; Gouda:68.11,5287.95
dedd0331-06f0-4542-af17-13293241afeb,10,2025-12-06,98.46,Grits:902.76; Tilapia:317.04; Celery:2853.38; Mango:507.27; Sunflower Oil:94.68; Mozzarella:81.53,Tilapia:306.34; Celery:4284.31; Sunflower Oil:117.19; Mozzarella:116.10; Wheat:1352.65; Jackfruit:696.00,7587.32
dedd0331-06f0-4542-af17-13293241afeb,11,2025-12-07,99.31,Whole Wheat Bread:212.55; Black Beans:227.27; Green Beans:1451.61; Banana:337.08; Linseed Oil:93.33; Edam:63.03,Banana:194.10; Linseed Oil:109.64; Multigrain Bread:235.24; Green Lentils:327.69; Collard Greens:2013.28; Skim Milk:98.81,2789.04
dedd0331-06f0-4542-af17-13293241afeb,12,2025-12-08,97.42,Spelt:155.33; Lamb:102.04; Eggplant:1800.00; Plum:652.17; Flaxseed Oil:93.33; Swiss Cheese:57.25,Spelt:188.19; Eggplant:2245.19; Swiss Cheese:67.13; Cod:142.59; Jackfruit:733.99; Corn Oil:109.72,3245.35
dedd0331-06f0-4542-af17-13293241afeb,13,2025-12-09,98.23,Wheat:154.87; Red Lentils:258.62; Parsnip:600.00; Cantaloupe:882.35; Mustard Oil:93.33; Sheep Milk:208.33,Wheat:218.33; Red Lentils:211.18; Mustard Oil:118.79; Watercress:518.11; Plum:734.05; Butter:210.49,3939.14
dedd0331-06f0-4542-af17-13293241afeb,14,2025-12-10,95.87,Sprouted Grain:656.25; Peas:370.37; Tomato:2500.00; Dragonfruit:500.00; Flaxseed Oil:93.33; Kefir:548.78,Peas:259.20; Tomato:2777.92; Flaxseed Oil:120.94; Kefir:941.29; Buckwheat:660.18; Apricot:685.57,4758.52
dedd0331-06f0-4542-af17-13293241afeb,15,2025-12-11,94.78,Farro:154.41; Duck:89.02; Brussels Sprouts:1046.51; Papaya:697.67; Olive Oil:93.33; Quark:335.82,Duck:124.16; Olive Oil:96.50; Bulgur:202.55; Radish:1566.59; Persimmon:1033.06; Goat Milk:180.71,2651.75
dedd0331-06f0-4542-af17-13293241afeb,16,2025-12-12,97.5,Pearled Barley:149.15; Chickpeas:182.93; Parsnip:600.00; Dragonfruit:500.00; Rice Bran Oil:93.33; Condensed Milk:70.09,Chickpeas:198.66; Parsnip:586.32; Dragonfruit:430.50; Cornbread:207.17; Brazil Nuts:138.91; Butter:77.11,2902.31
dedd0331-06f0-4542-af17-13293241afeb,17,2025-12-13,97.22,Teff:151.30; Split Peas:254.24; Collard Greens:1406.25; Apricot:625.00; Blended Oil:93.33; Evaporated Milk:166.67,Apricot:897.38; Rice:202.24; Rabbit:340.95; Lettuce:2143.10; Peanut Oil:120.21; Skim Milk:247.36,2754.19
dedd0331-06f0-4542-af17-13293241afeb,18,2025-12-14,97.44,Spelt:155.33; Duck:89.02; Radicchio:1956.52; Avocado:187.50; Hazelnuts:131.37; Swiss Cheese:57.25,Spelt:197.11; Duck:116.06; Swiss Cheese:73.37; Zucchini:1004.97; Watermelon:228.99; Brazil Nuts:195.73,2875.1
dedd0331-06f0-4542-af17-13293241afeb,19,2025-12-15,99.31,Cracked Wheat:154.41; Beef:120.00; Broccoli:818.18; Honeydew:833.33; Mustard Oil:93.33; Swiss Cheese:57.25,Cracked Wheat:155.00; Beef:165.61; Broccoli:755.74; Mustard Oil:111.86; Swiss Cheese:69.27; Watermelon:1070.52,2938.96
dedd0331-06f0-4542-af17-13293241afeb,20,2025-12-16,101.77,Polenta:750.00; Red Lentils:258.62; Green Beans:1451.61; Strawberry:937.50; Vegetable Oil:93.33; Skim Milk:642.86,Green Beans:1108.93; Vegetable Oil:118.61; Skim Milk:979.03; Cornbread:987.01; Goat:275.57; Orange:582.19,4299.08
dedd0331-06f0-4542-af17-13293241afeb,21,2025-12-17,102.65,Cracked Wheat:154.41; Soybeans:67.26; Tomato:2500.00; Strawberry:937.50; Pistachios:146.80; Camembert:75.25,Cracked Wheat:150.21; Soybeans:52.22; Tomato:2712.67; Pistachios:195.10; Persimmon:1317.75; Emmental:98.30,3769.29
dedd0331-06f0-4542-af17-13293241afeb,22,2025-12-18,103.43,Millet:138.89; Soybeans:67.26; Celery:2812.50; Fig:405.41; Brazil Nuts:125.19; Kefir:548.78,Millet:119.49; Celery:4096.81; Fig:264.12; Brazil Nuts:191.09; Kefir:785.17; Mackerel:88.60,3065.43
dedd0331-06f0-4542-af17-13293241afeb,23,2025-12-19,100.9,Muesli:150.00; Chickpeas:182.93; Collard Greens:1406.25; Dragonfruit:500.00; Brazil Nuts:125.19; Evaporated Milk:166.67,Muesli:196.44; Brazil Nuts:167.85; Beef:253.93; Cucumber:1969.46; Peach:648.54; Swiss Cheese:244.23,3956.35
dedd0331-06f0-4542-af17-13293241afeb,24,2025-12-20,100.44,Teff:151.30; Tofu:394.74; Zucchini:2647.06; Durian:204.08; Cottonseed Oil:93.33; Goat Milk:326.09,Freekeh:188.98; Chickpeas:391.94; Broccoli:2383.55; Pear:264.21; Sesame Seeds:72.10; Kefir:557.93,3360.39
dedd0331-06f0-4542-af17-13293241afeb,25,2025-12-21,97.79,Wheat:154.87; Shrimp:303.03; Garlic:302.01; Dragonfruit:500.00; Brazil Nuts:125.19; Condensed Milk:70.09,Wheat:217.94; Brazil Nuts:178.70; Tilapia:380.28; Peas:475.57; Persimmon:735.02; Cheddar:81.37,3590.04
dedd0331-06f0-4542-af17-13293241afeb,26,2025-12-22,99.41,Amaranth:141.51; Duck:89.02; Okra:1363.64; Pear:526.32; Walnuts:126.15; Goat Milk:326.09,Okra:1830.58; Pear:682.93; Buckwheat:175.95; Scallops:127.47; Peanut Oil:199.91; Condensed Milk:246.37,4267.1
dedd0331-06f0-4542-af17-13293241afeb,27,2025-12-23,99.77,Millet:138.89; Rabbit:173.41; Turnip:1607.14; Pomegranate:361.45; Walnut Oil:93.33; Evaporated Milk:166.67,Millet:97.73; Rabbit:243.87; Turnip:2337.10; Walnut Oil:117.45; Evaporated Milk:133.85; Honeydew:394.45,2806.69
dedd0331-06f0-4542-af17-13293241afeb,28,2025-12-24,100.87,Hominy:441.18; Chicken Breast:181.82; Carrot:1097.56; Dragonfruit:500.00; Poppy Seeds:157.14; Cottage Cheese:229.59,Hominy:502.84; Carrot:1003.91; Dragonfruit:553.49; Poppy Seeds:239.12; Venison:248.84; Swiss Cheese:307.93,4200.78
dedd0331-06f0-4542-af17-13293241afeb,29,2025-12-25,97.5,Amaranth:141.51; Beef:120.00; Bok Choy:3461.54; Jackfruit:315.79; Palm Oil:93.33; Quark:335.82,Amaranth:208.43; Beef:153.53; Bok Choy:4062.59; Jackfruit:391.47; Brazil Nuts:144.38; Skim Milk:521.68,3191.2
dedd0331-06f0-4542-af17-13293241afeb,30,2025-12-26,98.74,Rye:155.33; Tempeh:155.44; Endive:2647.06; Dragonfruit:500.00; Coconut Oil:95.71; Ice Cream:108.70,Ice Cream:168.75; Corn:98.82; Egg:207.54; Collard Greens:3794.45; Honeydew:424.02; Grape Seed Oil:133.89,3306.4
